{
    "DL_ENTITYDATA": {
        "DL_OrganisationView": { "DL_Id": "9064", "DL_CreatedBy": "loHFL", "DL_Created": "1996-02-28T19:59:52", "DL_ModifiedBy": "LO\\THA", "DL_Modified": "2016-10-10T11:21:58", "DL_Title": "LO-Vest", "DL_OrganisationTitle": "LO-Vest", "DL_OrganisationType": "afd", "DL_OrganisationShort": null, "DL_CVRNR": null, "DL_ParentOrganisation": "11933", "DL_ParentOrganisationDenorm": "LO-sektioner" },

        "DL_OrganisationAddressView": { "DL_Organisation": "9064", "DL_Address": "1050", "DL_Street": "Vestkraftgade 1, 3.", "DL_Street2": null, "DL_Street3": null, "DL_PostalCode": "6700", "DL_City": "Esbjerg ", "DL_Country": "DK", "DL_IsPrimaryAddress": "1", "DL_Id": "1032", "DL_Title": "LO-Vest", "DL_OrganisationType": "afd", "DL_OrganisationTitle": "LO-Vest", "DL_OrganisationShort": null, "DL_CVRNR": null },
        "_DL_Organisation": [{ "DL_Id": "12376", "DL_CreatedBy": "lo48", "DL_Created": "1997-02-25T13:05:35", "DL_ModifiedBy": "LO\\Exformatics", "DL_Modified": "2015-05-19T02:00:37", "DL_Title": "Dansk Service", "DL_ParentOrganisation": "-1", "DL_OrganisationType": "ARBGIV", "DL_OrganisationTitle": "Rengøringsselskabernes Branche- og Arbejdsgiverforening", "DL_OrganisationShort": null, "DL_CVRNR": null, "ORGA_ID": "100822", "DL_Synonym": "RSBA", "DL_Add": "1", "LO_OrganisationType": null, "DL_TextBox": null }, { "DL_Id": "18607", "DL_CreatedBy": "LO\\Exformatics", "DL_Created": "2014-06-13T12:34:33", "DL_ModifiedBy": "LO\\Exformatics", "DL_Modified": "2014-06-13T12:34:33", "DL_Title": "Ny intern afdeling 4", "DL_ParentOrganisationDenorm": "Lena test organisatin", "DL_ParentOrganisation": "18576", "DL_OrganisationType": "INTAFD", "DL_OrganisationTitle": "Ny intern afdeling 4", "DL_OrganisationShort": null, "DL_CVRNR": null, "DL_Synonym": null, "LO_OrganisationType": null, "DL_IsDeleted": "0", "DL_TextBox": null }, { "DL_Id": "18600", "DL_CreatedBy": "LO\\Exformatics", "DL_Created": "2014-06-08T17:47:36", "DL_ModifiedBy": "LO\\Exformatics", "DL_Modified": "2014-06-08T17:47:36", "DL_Title": "min nye afdeling test 3", "DL_ParentOrganisationDenorm": "Lena test organisatin", "DL_ParentOrganisation": "18576", "DL_OrganisationType": "afd", "DL_OrganisationTitle": "min nye afdeling test 3", "DL_OrganisationShort": null, "DL_CVRNR": null, "DL_Synonym": null, "LO_OrganisationType": null, "DL_IsDeleted": "0", "DL_TextBox": null }, { "DL_Id": "18599", "DL_CreatedBy": "LO\\Exformatics", "DL_Created": "2014-06-08T17:47:14", "DL_ModifiedBy": "LO\\Exformatics", "DL_Modified": "2014-06-08T17:47:14", "DL_Title": "Internt afdeling test 3", "DL_ParentOrganisationDenorm": "Lena test organisation", "DL_ParentOrganisation": "18576", "DL_OrganisationType": "INTAFD", "DL_OrganisationTitle": "Lena test organisation,Internt afdeling test 3", "DL_OrganisationShort": null, "DL_CVRNR": null, "DL_Synonym": null, "LO_OrganisationType": null, "DL_IsDeleted": "1", "DL_TextBox": null }, { "DL_Id": "18598", "DL_CreatedBy": "LO\\Exformatics", "DL_Created": "2014-06-08T17:46:51", "DL_ModifiedBy": "LO\\Exformatics", "DL_Modified": "2014-06-08T17:46:51", "DL_Title": "Internt afdeling test 3", "DL_ParentOrganisationDenorm": "Lena test organisatin", "DL_ParentOrganisation": "18576", "DL_OrganisationType": "INTAFD", "DL_OrganisationTitle": "Internt afdeling test 3", "DL_OrganisationShort": null, "DL_CVRNR": null, "DL_Synonym": null, "LO_OrganisationType": null, "DL_IsDeleted": "0", "DL_TextBox": null }, { "DL_Id": "18597", "DL_CreatedBy": "LO\\Exformatics", "DL_Created": "2014-06-08T17:37:42", "DL_ModifiedBy": "LO\\Exformatics", "DL_Modified": "2014-06-08T17:37:42", "DL_Title": "test test 2", "DL_ParentOrganisationDenorm": "Lena test organisatin", "DL_ParentOrganisation": "18576", "DL_OrganisationType": "INTAFD", "DL_OrganisationTitle": "test test 2", "DL_OrganisationShort": null, "DL_CVRNR": null, "DL_Synonym": null, "LO_OrganisationType": null, "DL_IsDeleted": "1", "DL_TextBox": null }, { "DL_Id": "18596", "DL_CreatedBy": "LO\\Exformatics", "DL_Created": "2014-06-08T17:29:26", "DL_ModifiedBy": "LO\\Exformatics", "DL_Modified": "2014-06-08T17:29:26", "DL_Title": "mnin afdeling", "DL_ParentOrganisationDenorm": "Lena test organisatin", "DL_ParentOrganisation": "18576", "DL_OrganisationType": "afd", "DL_OrganisationTitle": "mnin afdeling", "DL_OrganisationShort": null, "DL_CVRNR": null, "DL_Synonym": null, "LO_OrganisationType": null, "DL_IsDeleted": "1", "DL_TextBox": null }, { "DL_Id": "18595", "DL_CreatedBy": "LO\\Exformatics", "DL_Created": "2014-06-08T17:29:19", "DL_ModifiedBy": "LO\\Exformatics", "DL_Modified": "2014-06-08T17:29:19", "DL_Title": "min interne afdeling", "DL_ParentOrganisationDenorm": "Lena test organisatin", "DL_ParentOrganisation": "18576", "DL_OrganisationType": "INTAFD", "DL_OrganisationTitle": "min interne afdeling", "DL_OrganisationShort": null, "DL_CVRNR": null, "DL_Synonym": null, "LO_OrganisationType": null, "DL_IsDeleted": "1", "DL_TextBox": null }, { "DL_Id": "13608", "DL_CreatedBy": "lo186", "DL_Created": "1999-03-04T16:05:26", "DL_ModifiedBy": "LO\\Exformatics", "DL_Modified": "2014-04-15T09:59:55", "DL_Title": "Sammenslutningen af Mindre Arbejdsgiverforeninger", "DL_ParentOrganisationDenorm": "Dansk Arbejdsgiverforening", "DL_ParentOrganisation": "10169", "DL_OrganisationType": "ARBGIV", "DL_OrganisationTitle": "Sammenslutningen af Mindre Arbejdsgiverforeninger", "DL_OrganisationShort": null, "DL_CVRNR": null, "ORGA_ID": "102256", "ORGA_MEDLEM_AF": "2908", "DL_Synonym": "SAMA", "DL_Add": "1", "LO_DAOrganiseret": "-16", "LO_OrganisationType": null }, { "DL_Id": "17689", "DL_CreatedBy": "loHMK", "DL_Created": "2004-04-26T15:46:49", "DL_ModifiedBy": "LO\\Exformatics", "DL_Modified": "2014-02-25T02:52:12", "DL_Title": "SLETTES Kims test", "DL_OrganisationType": "ANDEN", "DL_OrganisationTitle": "SLETTES Kims test", "DL_OrganisationShort": "dsdsads", "DL_CVRNR": null, "ORGA_ID": "109991", "DL_Synonym": null, "LO_OrganisationType": null, "DL_IsDeleted": "1" }, { "DL_Id": "9475", "DL_CreatedBy": "loHFL", "DL_Created": "1996-02-28T17:30:47", "DL_ModifiedBy": "LO\\Exformatics", "DL_Modified": "2013-02-22T16:13:41", "DL_Title": "Socialpædagogerne", "DL_ParentOrganisationDenorm": "Offentligt Ansattes Organisationer", "DL_ParentOrganisation": "10212", "DL_OrganisationType": "FORB", "DL_OrganisationTitle": "Socialpædagogerne", "DL_OrganisationShort": "SL", "DL_CVRNR": "123", "ORGA_ID": "1153", "ORGA_MEDLEM_AF": "3245", "DL_Synonym": "sl", "LO_OrganisationType": "LOFORB" }, { "DL_Id": "9253", "DL_CreatedBy": "loHFL", "DL_Created": "1996-02-28T17:28:34", "DL_ModifiedBy": "LO\\Exformatics", "DL_Modified": "2013-02-22T16:12:00", "DL_Title": "Hærens Konstabel- og Korporalforening", "DL_ParentOrganisation": "10287", "DL_OrganisationType": "FORB", "DL_OrganisationTitle": "Hærens Konstabel- og Korporalforening", "DL_OrganisationShort": "HKKF", "DL_CVRNR": null, "ORGA_ID": "553", "ORGA_MEDLEM_AF": "3733", "DL_Synonym": "hkkf", "LO_OrganisationType": "LOFORB" }, { "DL_Id": "9101", "DL_CreatedBy": "loHFL", "DL_Created": "1996-02-28T17:26:00", "DL_ModifiedBy": "LO\\Exformatics", "DL_Modified": "2013-02-22T16:11:33", "DL_Title": "Dansk Artist Forbund", "DL_ParentOrganisationDenorm": "LO-forbundene", "DL_ParentOrganisation": "11864", "DL_OrganisationType": "FORB", "DL_OrganisationTitle": "Dansk Artist Forbund", "DL_OrganisationShort": null, "DL_CVRNR": null, "ORGA_ID": "138", "ORGA_MEDLEM_AF": "100189", "DL_Synonym": null, "LO_OrganisationType": "LOFORB" }, { "DL_Id": "9270", "DL_CreatedBy": "loHFL", "DL_Created": "1996-02-28T17:27:17", "DL_ModifiedBy": "LO\\Exformatics", "DL_Modified": "2013-02-22T16:10:54", "DL_Title": "Dansk Jernbaneforbund", "DL_ParentOrganisationDenorm": "Offentligt Ansattes Organisationer", "DL_ParentOrganisation": "10212", "DL_OrganisationType": "FORB", "DL_OrganisationTitle": "Dansk Jernbaneforbund", "DL_OrganisationShort": "DJ", "DL_CVRNR": null, "ORGA_ID": "590", "ORGA_MEDLEM_AF": "3245", "DL_Synonym": "dj", "LO_OrganisationType": "LOFORB" }, { "DL_Id": "9399", "DL_CreatedBy": "loHFL", "DL_Created": "1996-02-28T17:29:50", "DL_ModifiedBy": "LO\\Exformatics", "DL_Modified": "2013-02-22T16:09:10", "DL_Title": "Fødevareforbundet NNF", "DL_OrganisationType": "FORB", "DL_OrganisationTitle": "Fødevareforbundet NNF", "DL_OrganisationShort": "NNF", "DL_CVRNR": null, "ORGA_ID": "924", "DL_Synonym": "nnf", "LO_OrganisationType": "LOFORB" }, { "DL_Id": "9291", "DL_CreatedBy": "loHFL", "DL_Created": "1996-02-28T17:29:33", "DL_ModifiedBy": "LO\\Exformatics", "DL_Modified": "2013-02-22T16:08:43", "DL_Title": "Malerforbundet i Danmark", "DL_ParentOrganisationDenorm": "Bygge-, Anlægs- og Trækartellet", "DL_ParentOrganisation": "10211", "DL_OrganisationType": "FORB", "DL_OrganisationTitle": "Malerforbundet i Danmark", "DL_OrganisationShort": "MFD", "DL_CVRNR": null, "ORGA_ID": "699", "ORGA_MEDLEM_AF": "3243", "DL_Synonym": "maler, mfd", "LO_OrganisationType": "LOFORB" }, { "DL_Id": "9106", "DL_CreatedBy": "loHFL", "DL_Created": "1996-02-28T17:26:25", "DL_ModifiedBy": "LO\\Exformatics", "DL_Modified": "2013-02-22T16:04:30", "DL_Title": "Blik- og Rørarbejderforbundet", "DL_ParentOrganisationDenorm": "Landsorganisationen i Danmark", "DL_ParentOrganisation": "9059", "DL_OrganisationType": "FORB", "DL_OrganisationTitle": "Blik- og Rørarbejderforbundet", "DL_OrganisationShort": "BLIK OG RØR", "DL_CVRNR": null, "ORGA_ID": "180", "ORGA_MEDLEM_AF": "1", "DL_Synonym": "blik", "LO_OrganisationType": "LOFORB" }, { "DL_Id": "13270", "DL_CreatedBy": "lo95", "DL_Created": "1997-11-11T14:59:59", "DL_ModifiedBy": "LO\\Exformatics", "DL_Modified": "2011-12-03T12:07:56", "DL_Title": "Dansk Erhverv Arbejdsgiver", "DL_ParentOrganisationDenorm": "Dansk Arbejdsgiverforening", "DL_ParentOrganisation": "10169", "DL_OrganisationType": "ARBGIV", "DL_OrganisationTitle": "Dansk Erhverv Arbejdsgiver", "DL_OrganisationShort": null, "DL_CVRNR": "123", "ORGA_ID": "101845", "DL_Synonym": null, "DL_Add": "1", "LO_DAOrganiseret": "-16" }, { "DL_Id": "10054", "DL_CreatedBy": "loHFL", "DL_Created": "1996-02-28T17:38:37", "DL_ModifiedBy": "LO\\Exformatics", "DL_Modified": "2011-12-03T12:07:56", "DL_Title": "AI-BOA", "DL_ParentOrganisationDenorm": "Dansk Arbejdsgiverforening", "DL_ParentOrganisation": "10169", "DL_OrganisationType": "ARBGIV", "DL_OrganisationTitle": "AI-BOA", "ORGA_ID": "2472", "ORGA_MEDLEM_AF": "2908", "DL_Add": "1", "LO_DAOrganiseret": "-16" }, { "DL_Id": "10058", "DL_CreatedBy": "loHFL", "DL_Created": "1996-02-28T17:38:54", "DL_ModifiedBy": "LO\\Exformatics", "DL_Modified": "2011-12-03T12:07:56", "DL_Title": "TEKNIQ Installatørernes Organisation", "DL_ParentOrganisationDenorm": "Dansk Arbejdsgiverforening", "DL_ParentOrganisation": "10169", "DL_OrganisationType": "ARBGIV", "DL_OrganisationTitle": "TEKNIQ Installatørernes Organisation", "ORGA_ID": "2476", "ORGA_MEDLEM_AF": "2908", "DL_Add": "1", "LO_DAOrganiseret": "-16" }, { "DL_Id": "10064", "DL_CreatedBy": "loHFL", "DL_Created": "1996-02-28T17:39:41", "DL_ModifiedBy": "LO\\Exformatics", "DL_Modified": "2011-12-03T12:07:56", "DL_Title": "Dansk Mode & Textil", "DL_ParentOrganisationDenorm": "Dansk Arbejdsgiverforening", "DL_ParentOrganisation": "10169", "DL_OrganisationType": "ARBGIV", "DL_OrganisationTitle": "Dansk Mode & Textil", "DL_OrganisationShort": null, "DL_CVRNR": null, "ORGA_ID": "2492", "ORGA_MEDLEM_AF": "2908", "DL_Synonym": null, "DL_Add": "1", "LO_DAOrganiseret": "-16" }, { "DL_Id": "10169", "DL_CreatedBy": "loHFL", "DL_Created": "1996-02-28T17:26:39", "DL_ModifiedBy": "LO\\Exformatics", "DL_Modified": "2011-12-03T12:07:56", "DL_Title": "Dansk Arbejdsgiverforening", "DL_ParentOrganisationDenorm": null, "DL_OrganisationType": "ARBGIV", "DL_OrganisationTitle": "Dansk Arbejdsgiverforening", "DL_OrganisationShort": "DA", "DL_CVRNR": null, "ORGA_ID": "2908", "DL_Synonym": "da", "DL_Add": "1", "LO_DAOrganiseret": "-16" }, { "DL_Id": "10274", "DL_CreatedBy": "loHFL", "DL_Created": "1996-02-28T17:52:37", "DL_ModifiedBy": "LO\\Exformatics", "DL_Modified": "2011-12-03T12:07:56", "DL_Title": "Dansk Byggeri", "DL_ParentOrganisationDenorm": "Dansk Arbejdsgiverforening", "DL_ParentOrganisation": "10169", "DL_OrganisationType": "ARBGIV", "DL_OrganisationTitle": "Dansk Byggeri", "ORGA_ID": "3687", "ORGA_MEDLEM_AF": "2908", "DL_Add": "1", "LO_DAOrganiseret": "-16" }, { "DL_Id": "10322", "DL_CreatedBy": "loHFL", "DL_Created": "1996-02-28T17:53:36", "DL_ModifiedBy": "LO\\Exformatics", "DL_Modified": "2011-12-03T12:07:56", "DL_Title": "Danske Malermestre", "DL_ParentOrganisationDenorm": "Dansk Arbejdsgiverforening", "DL_ParentOrganisation": "10169", "DL_OrganisationType": "ARBGIV", "DL_OrganisationTitle": "Danske Malermestre", "ORGA_ID": "3847", "ORGA_MEDLEM_AF": "2908", "DL_Add": "1", "LO_DAOrganiseret": "-16" }, { "DL_Id": "18442", "DL_CreatedBy": "LO\\lca", "DL_Created": "2009-03-03T09:10:15", "DL_ModifiedBy": "LO\\Exformatics", "DL_Modified": "2011-12-03T12:07:56", "DL_Title": "Den Grønlandske Arbejdsgiverforening", "DL_ParentOrganisationDenorm": "Dansk Arbejdsgiverforening", "DL_ParentOrganisation": "10169", "DL_OrganisationType": "ARBGIV", "DL_OrganisationTitle": "Den Grønlandske Arbejdsgiverforening", "DL_OrganisationShort": null, "DL_CVRNR": null, "DL_Synonym": null, "DL_Add": "1", "LO_DAOrganiseret": "-16" }, { "DL_Id": "18492", "DL_CreatedBy": "LO\\LCA", "DL_Created": "2011-05-04T10:41:17", "DL_ModifiedBy": "LO\\Exformatics", "DL_Modified": "2011-12-03T12:07:56", "DL_Title": "HORESTA", "DL_ParentOrganisationDenorm": "Dansk Arbejdsgiverforening", "DL_ParentOrganisation": "10169", "DL_OrganisationType": "ARBGIV", "DL_OrganisationTitle": "HORESTA", "DL_OrganisationShort": null, "DL_CVRNR": null, "DL_Synonym": null, "DL_Add": "1", "LO_DAOrganiseret": "-16" }, { "DL_Id": "12309", "DL_CreatedBy": "lo63", "DL_Created": "1996-12-02T14:00:01", "DL_ModifiedBy": "LO\\Exformatics", "DL_Modified": "2011-12-03T12:07:56", "DL_Title": "Danske Mediers Arbejdsgiverforening", "DL_ParentOrganisationDenorm": "Dansk Arbejdsgiverforening", "DL_ParentOrganisation": "10169", "DL_OrganisationType": "ARBGIV", "DL_OrganisationTitle": "Danske Mediers Arbejdsgiverforening", "DL_OrganisationShort": null, "DL_CVRNR": null, "ORGA_ID": "100742", "DL_Synonym": null, "DL_Add": "1", "LO_DAOrganiseret": "-16" }, { "DL_Id": "14244", "DL_CreatedBy": "loIME", "DL_Created": "2001-06-06T14:58:32", "DL_ModifiedBy": "LO\\Exformatics", "DL_Modified": "2011-12-03T11:26:47", "DL_Title": "Coop Danmark og FDB", "DL_OrganisationType": "ARBGIV", "DL_OrganisationTitle": "Coop Danmark og FDB", "DL_OrganisationShort": "FDB", "ORGA_ID": "103439", "DL_Add": "1" }, { "DL_Id": "12278", "DL_CreatedBy": "lo0", "DL_Created": "1996-09-20T13:30:50", "DL_ModifiedBy": "LO\\Exformatics", "DL_Modified": "2011-12-03T11:26:26", "DL_Title": "Bager- og Konditormestre i Danmark", "DL_OrganisationType": "ARBGIV", "DL_OrganisationTitle": "Bager- og Konditormestre i Danmark", "ORGA_ID": "100707", "DL_Add": "1" }, { "DL_Id": "9059", "DL_CreatedBy": "loHFL", "DL_Created": "1996-02-28T17:29:17", "DL_ModifiedBy": "LO\\exformatics", "DL_Modified": "2007-08-23T06:19:50", "DL_Title": "Landsorganisationen i Danmark", "DL_OrganisationType": "ARBBEV", "DL_OrganisationTitle": "Landsorganisationen i Danmark", "DL_OrganisationShort": "LO", "DL_CVRNR": null, "ORGA_ID": "1", "DL_Synonym": "LO" }, { "DL_Id": "18211", "DL_CreatedBy": "LO\\Exformatics", "DL_Created": "2007-07-06T01:25:45", "DL_ModifiedBy": "LO\\Exformatics", "DL_Modified": "2007-07-06T01:25:45", "DL_Title": "TEST UNDER FIRMA", "DL_OrganisationType": null, "DL_OrganisationTitle": "TEST UNDER FIRMA", "DL_OrganisationShort": null, "DL_CVRNR": null, "DL_Synonym": null }, { "DL_Id": "13794", "DL_CreatedBy": "loHMK", "DL_Created": "2000-03-06T10:55:43", "DL_ModifiedBy": "LO\\Exformatics", "DL_Modified": "2007-01-25T10:18:53", "DL_Title": "Administrationsafdelingen", "DL_ParentOrganisationDenorm": "Landsorganisationen i Danmark", "DL_ParentOrganisation": "9059", "DL_OrganisationType": "INTAFD", "DL_OrganisationTitle": "LO,Admin", "DL_OrganisationShort": "Admin", "DL_CVRNR": "12", "ORGA_ID": "102527", "ORGA_MEDLEM_AF": "1", "DL_IsDeleted": "1" }]
    }
}