[{ "DL_PageID": 1, "DL_WebPart": "Recent", "DL_WebPartType": "List", "DL_Zone": "Left", "DL_View": "DL_OrganistionRecent", "DL_Where": "DL_ModifiedBy=%WUSER%", "DL_OrderBy": "DL_Modified dESC", "DL_Column1": "DL_Title", "DL_Column2": "DL_CaseNo", "DL_Action1": "EXGotoObject(\"DL_Organisation\",DL_Id)", "DL_Action2": "" }, { "DL_PageID": 1, "DL_WebPart": "Organisation", "DL_WebPartType": "Detail", "DL_Zone": "Center", "DL_View": "DL_OrganisationView", "DL_Where": "DL_Id=%DL_Id%", "DL_OrderBy": "DL_Modified dESC", "DL_Column1": "", "DL_Column2": "", "DL_Action1": "EXGotoObject(\"DL_Organisation\",DL_Id)", "DL_Action2": "" }, { "DL_PageID": 1, "DL_WebPart": "Adresser", "DL_WebPartType": "List", "DL_Zone": "Center", "DL_View": "DL_OrganisationAddressView", "DL_Where": "DL_Organisation=%DL_Id%", "DL_OrderBy": "DL_IsPrimaryAddress DESC", "DL_Column1": "DL_Title", "DL_Column2": "DL_CaseNo", "DL_Action1": "", "DL_Action2": "" }]