﻿{
  "DL_ENTITYDATA": {
    "DL_CMSView": [
      {
        "DL_Page": "organization.html",
        "DL_PageTitle": "Organization",
        "DL_ID": "1",
        "DL_PageID": "1",
        "DL_WebPart": "Recent",
        "DL_WebPartType": "List",
        "DL_Zone": "Left",
        "DL_View": "DL_OrganistionRecent",
        "DL_Where": "DL_ModifiedBy=%WUSER%",
        "DL_OrderBy": "DL_Modified dESC",
        "DL_Column1": "DL_Title",
        "DL_Column2": "DL_CaseNo",
        "DL_Action1": "EXGotoObject(\"DL_Organisation\",DL_Id)",
        "DL_Action2": null,
        "DL_PageTemplate": "3-col"
      },
      {
        "DL_Page": "organization.html",
        "DL_PageTitle": "Organization",
        "DL_ID": "2",
        "DL_PageID": "1",
        "DL_WebPart": "Organisation",
        "DL_WebPartType": "Detail",
        "DL_Zone": "Center",
        "DL_View": "DL_OrganisationView",
        "DL_Where": "DL_Id=%DL_Id%",
        "DL_OrderBy": "DL_Modified dESC",
        "DL_Column1": null,
        "DL_Column2": null,
        "DL_Action1": "EXGotoObject(\"DL_Organisation\",DL_Id)",
        "DL_Action2": null,
        "DL_PageTemplate": "3-col"
      },
      {
        "DL_Page": "organization.html",
        "DL_PageTitle": "Organization",
        "DL_ID": "3",
        "DL_PageID": "1",
        "DL_WebPart": "Adresser",
        "DL_WebPartType": "List",
        "DL_Zone": "Center",
        "DL_View": "DL_OrganisationAddressView",
        "DL_Where": "DL_Organisation=%DL_Id%",
        "DL_OrderBy": "DL_IsPrimaryAddress DESC",
        "DL_Column1": "DL_Title",
        "DL_Column2": "DL_CaseNo",
        "DL_Action1": null,
        "DL_Action2": null,
        "DL_PageTemplate": "3-col"
      },
      {
        "DL_Page": "fea.html",
        "DL_PageTitle": "FEA",
        "DL_ID": "4",
        "DL_PageID": "2",
        "DL_WebPart": "Adresser",
        "DL_WebPartType": "List",
        "DL_Zone": "Center",
        "DL_View": "DL_OrganisationAddressView",
        "DL_Where": "DL_Organisation=%DL_Id%",
        "DL_OrderBy": "DL_IsPrimaryAddress DESC",
        "DL_Column1": "DL_Title",
        "DL_Column2": "DL_CaseNo",
        "DL_Action1": null,
        "DL_Action2": null,
        "DL_PageTemplate": "3-col"
      }
    ]
  }
}